title,time,writer
Auto Crop image based on connected component in python,1 min ago,Yuhong
Langchain Conversationnal Pipeline (with pipe) + Standalone Question & Chat History + Stream,6 mins ago,Guillaume Saes
Remove quotes from beginning and end from list,8 mins ago,user24394754
FitFailedWarning: Estimator fit failed. The score on this train-test partition for these parameters will be set to nan,12 mins ago,Woodly0
Using age as 'timescale' for Cox Model in lifelines [Python]?,12 mins ago,TangibleTech
How do I install a Python package with a .whl file?,14 mins ago,deep bajaj
Chatbot for public API langchaiin,16 mins ago,Mohamed Layeb
I got an importerror when i use 'import tesserocr',17 mins ago,jun zhao
Embedding plotly interactive figures in a confluence page,19 mins ago,soungalo
what is the best approach to compute Brun's constant with python (witch include primality test and long run sum)?,23 mins ago,Serge de Gosson de Varennes
Will this Python code be faster if I calculate the function arguments and store them in variables?,23 mins ago,tripleee
Is there any way I can create an MF4 file from an xl.meta file and a part.1 file?,23 mins ago,CodingNoob
Iterate over a parameter of the function,23 mins ago,ilra
How to troubleshoot the model_from_json error?,23 mins ago,Muhammad Talha Khan
Adapting Drag and Drop to CustomtKinter,24 mins ago,avalon20
